"species","mean","standard.dev","median","min","max"
"setosa",5.006,0.352489687213451,5,4.3,5.8
"versicolor",5.94489795918367,0.517631313649733,5.9,4.9,7
"virginica",6.588,0.635879593274432,6.5,4.9,7.9
